{"calc": {"pw": 1000.0, "econv": 1e-06, "decays": [2.0, 2.5, 3.0, 4.5, 6.0], "msb": 4.0, "fx": [1.1802933, 0.0085302786, -0.102312143, 0.068575749, -0.00661294786, -0.0284176163, 0.00554283363, 0.00395434277, -0.00198479086, 0.100339208, -0.043464346, -0.0182177954, 0.0162638575, -0.00884148272, -0.00957417512, 0.00940675747, 0.00637590839, -0.00879090772, -0.0150103636, 0.0280678872, -0.0182911291, -0.0188495102, 1.69805915e-07, -2.7652468e-07, 0.00144642135, -0.00303347141, 0.00293253041, -0.00845508103, 0.00631891628, -0.00896771404, -2.65114646e-08, 5.05920757e-08, 0.000665511484, 0.00119130546, 0.00182906057, 0.00339308972, -7.90811707e-08, 1.62238741e-07, -4.16393106e-08, 5.54588743e-08, -0.000116063796, 0.000822139896, -0.00035104103, 0.000896739466, 2.09603871e-08, -3.76702959e-08, 2.36391411e-08, -3.38128188e-08, -5.54173599e-06, -5.14204676e-05, 6.68980219e-09, -2.16860568e-08, 9.12223751e-09, -1.38472194e-08, 6.94482484e-09, -7.74224962e-09, 7.3606257e-07, -9.40351563e-06, -2.23014657e-09, 6.74910119e-09, -4.93824365e-09, 8.50272392e-09, -6.91592964e-09, 8.88525527e-09]}, "params": {"bmw": 0.0, "lw": 0.0, "reg": 0.01, "pre_ce": 0.2079682586184759, "c": ["lda", "pos"], "pre_bm": 0.0, "pre_l": 0.0}, "uid": "4060f20ead"}